0.018533207,0.033360094
0.020110127,0.04118158
0.056514364,-0.121105775
-0.021544803,-0.013037361
-0.05967799,0.03240127
0.024546169,0.05400526
-0.0043525905,-0.0022556887
0.020474344,-0.0024286425
-0.0860094,0.04824964
-0.007490462,-0.007353489
0.13037609,-0.03635675
-0.069387056,0.115079135
0.1965885,-0.1493899
0.002552612,0.06537103
0.0017399248,0.04386221
-0.013539818,0.018999634
0.015443625,-0.058638364
-0.055775836,0.07381028
-0.045759894,0.078783676
-0.032120023,0.03036645
0.12694772,-0.048820924
0.07382509,-0.026312282
0.014257006,-0.09019162
0.021386297,-0.035796452
0.22203426,-0.23502603
0.005793285,-0.011158045
-0.023319174,0.10462349
0.045759957,-0.079138234
-0.03506027,0.0171009
0.14032571,-0.14080952
-0.14067334,0.12304216
0.064807005,-0.11529952
-0.023035524,0.06466346
-0.065698184,0.103402816
-0.0679911,0.053026855
-0.020200133,0.031383056
-0.05856701,0.15117563
0.050952155,-0.039600234
-0.15051985,0.09443906
-0.036888078,-0.021056587
0.07156457,-0.034171548
-0.029762791,0.088222094
0.14082704,-0.1135832
-0.032803874,0.037473608
-0.02642615,0.07225298
0.13605921,-0.168067
0.02155249,-0.025500836
0.13158059,-0.07140034
0.13827,-0.102027565
0.10122979,-0.050585587
-0.045105033,-0.011256289
-0.024828222,0.097416654
0.07200185,-0.06611927
0.13589704,-0.068683274
-0.15872501,0.1732681
-0.11015825,0.06660869
-0.060434274,0.014344356
0.16174722,-0.14430113
-0.04759362,0.10398405
0.12879635,-0.092093036
0.1212536,-0.09927187
-0.14620961,0.109779306
0.0026190472,0.010644178
0.036082167,-0.12325755
0.04929377,-0.10835159
-0.05106895,0.01688547
0.034330774,-0.048901137
-0.18115298,0.109094836
0.06030985,-0.041415155
0.00059256755,-0.028250862
-0.15702052,0.113455646
0.15083867,-0.12275646
-0.049470656,0.01270619
0.04093554,-0.092996374
-0.07531153,0.0057110325
0.026893167,-0.046198934
0.022584328,-0.0043662624
0.10356608,-0.123156145
-0.027019776,-0.013359129
0.123283386,-0.0325958
0.00179345,0.016941013
0.023266895,0.0203945
-0.15950277,0.08070923
-0.020178866,0.05545922
-0.05427454,0.047508534
0.025724435,-0.043113388
-0.0171821,-0.05384199
0.0019048803,0.00070070627
-0.017840348,0.009542748
0.060350183,-0.09052685
0.20855623,-0.13937762
0.09408592,-0.07154214
0.11168306,-0.13766128
-0.121242374,0.085032225
0.013394288,-0.019737976
-0.08994857,0.027196832
0.064098276,0.0059589595
-0.011257306,0.033138853
0.0568892,-0.038506277
-0.033913698,0.006110883
0.08713725,-0.106456995
0.12014426,-0.18732439
0.064850844,-0.012483774
0.0036106,0.000514371
0.006542995,-0.012451106
0.15023886,-0.109949194
0.14595845,-0.12374162
0.03644373,-0.06650862
-0.07616629,0.030250559
-0.06276232,0.0084300395
-0.008454286,0.035310745
-0.02293375,-0.0075447205
0.02673009,-0.062908195
-0.008591114,0.014657515
0.03422692,0.06487769
-0.012469849,0.06780192
0.076178305,-0.12995295
0.017246759,0.007983156
0.10028297,-0.059024975
0.03161391,-0.013088084
0.16026363,-0.13931021
-0.024084186,0.06408728
-0.12912486,0.057206217
-0.16201659,0.19438322
0.13263333,-0.1340196
-0.016992187,-0.014137055
-0.08643625,0.028633757
0.027955437,0.0005918347
-0.0506814,-0.016571045
-0.0826771,0.061408278
0.054179385,-0.11950681
0.064134,0.03282974
0.10574129,-0.015164962
-0.07705167,0.14107448
0.0027756891,0.06456217
-0.008998602,0.019077122
0.05374972,-0.08915837
-0.02083819,0.073953584
0.2149239,-0.1718022
0.07533853,-0.09045662
-0.08610302,0.0788935
-0.033978716,-0.00086373417
0.103615366,-0.02260644
-0.025683362,-0.011189644
-0.12481407,0.13266703
-0.0033762052,0.010315932
-0.1471386,0.14669311
0.13723208,-0.115081735
-0.09008485,0.117452465
-0.035054337,0.06552278
-0.10068811,0.10658085
-0.045819752,0.071058564
-0.09881075,0.056002345
0.01327621,-0.056187164
0.019730577,-0.012362314
0.004542349,-0.047021206
0.12080133,-0.0428792
0.14007926,-0.070740625
0.10628349,-0.02771477
0.10670028,-0.16182265
0.007810945,0.0012428152
0.09973186,-0.06633963
-0.04975957,0.026523426
-0.08463973,0.0053723557
0.15474959,-0.0770919
-0.09349828,0.025139512
0.029356703,0.027573377
0.0167153,0.005125178
-0.09789744,0.08566592
-0.060501974,-0.022433367
-0.045315314,0.09882374
0.07784009,-0.016498178
-0.081857085,0.0584321
-0.037063517,0.05521825
-0.05212204,0.059922185
-0.055260893,0.0898901
-0.08086955,0.053834084
-0.06690967,-0.022350298
0.20570658,-0.21091495
-0.17090727,0.17856526
0.016351905,-0.00771858
0.02659859,-0.020905834
0.07045104,-0.10868292
-0.041963734,0.039547846
0.0033656103,-0.014592734
0.07457369,-0.042900927
-0.01189937,0.010844132
-0.1129942,0.026456246
0.09434803,-0.08499343
-0.014297586,0.072578356
-0.09481793,0.109756395
-0.011856967,-0.06100981
-0.13944343,0.15087965
-0.018992167,0.017521245
0.18898432,-0.10127042
0.06890646,-0.15780577
0.107741944,-0.15756595
-0.09227393,0.07760325
-0.11625774,0.10340237
0.064541385,-0.07794089
0.1446073,-0.12402666
-0.06053023,0.11317828
0.05459452,-0.031115854
-0.02877941,-0.01698669
-0.07964547,0.039405625
-0.010381029,0.06681218
0.06263043,0.015174092
0.0622543,-0.02594606
0.05551957,-0.029163301
0.07535036,-0.10447077
-0.044433553,0.019961577
-0.07600674,0.095239624
0.0955463,-0.07167048
0.166938,-0.14443608
-0.092941545,0.04591266
0.01801902,0.0031384814
-0.010757684,0.003485625
0.026879586,-0.007955844
0.05385252,0.026772445
0.031121524,-0.03434009
0.16510789,-0.1212109
-0.12722628,0.1270328
0.05133397,-0.12639363
-0.04923252,0.12746108
-0.029858947,-0.0059309704
0.08269244,-0.104574725
-0.012605246,0.06955383
-0.020798212,0.030409934
0.05440243,-0.027909588
0.12201841,-0.1427076
-0.013558486,0.0910209
0.16792104,-0.14607367
-0.0847575,0.04887873
-0.050014306,0.020444637
0.10316812,-0.052501753
-0.10199157,0.058098104
-0.05630134,0.053631973
-0.095417395,0.08827416
0.058206365,-0.11703054
0.012715057,0.059705257
-0.03145864,0.02047428
0.06193528,-0.08388717
0.005569302,0.041027162
0.055371847,0.021890372
0.027136508,-0.032934763
-0.02404906,0.11768958
0.08563448,-0.06491355
0.118047796,-0.13365237
0.116851985,-0.12646867
0.067578115,-0.09886707
0.05904622,-0.14375721
-0.09143604,-0.0011734007
0.03318674,-0.0340843
-0.10154633,0.107251495
-0.06893866,-0.0016616501
-0.062284235,0.06252232
-0.050386336,-0.0020327645
-0.08537146,0.02051139
-0.12293922,0.12027471
0.041652415,-0.06320522
-0.008068355,0.0161539
-0.03625618,-0.012494931
0.17864999,-0.13336498
-0.011723087,-0.03830687
-0.041570794,0.04427393
0.051516946,-0.098597735
-0.083905265,0.08487502
0.043948557,0.028348882
0.118236564,-0.19953448
0.043555375,0.03691276
-0.013166927,-0.0154862655
-0.06026689,0.015636357
-0.09618006,0.048027687
-0.010488492,0.045699265
0.16975456,-0.15748057
-0.009820836,0.09824184
-0.1638667,0.09355042
-0.072186254,0.03101448
-0.06306325,0.054173067
-0.10186604,0.099963404
-0.08361562,0.000938355
-0.03415384,-0.048039213
-0.03281033,0.07733277
-0.031768408,0.020706773
-0.04927534,0.04840519
0.1226283,-0.13477314
0.092486046,-0.13298313
0.13595557,-0.12384052
-0.01767122,0.118110225
0.08562614,-0.099756114
-0.06303415,0.062241737
-0.027743306,0.006508843
-0.0667582,0.15168437
-0.04019012,0.057472184
-0.024535209,0.048680205
0.15700544,-0.13667265
-0.007423936,0.056738056
0.006356581,0.01554651
0.002122562,-0.028235644
0.18838373,-0.09474812
-0.06793189,-0.023028087
-0.03758079,0.11486011
-0.08066906,0.044791117
-0.096428126,0.06112489
-0.14083639,0.07484964
0.18504684,-0.25443202
0.1336321,-0.12177318
0.15355337,-0.16450344
0.005353349,0.024756363
-0.031027254,0.055883396
0.031742264,-0.02721376
0.11490095,-0.047544476
-0.15419368,0.14166851
0.0269856,0.0128953615
-0.0071088034,0.041151952
0.13720998,-0.14190102
-0.04630457,0.048941202
0.002360494,0.017906148
0.07883949,-0.042168852
0.056605928,-0.08606853
-0.044108644,0.001800112
0.060095366,-0.038763333
-0.017074436,0.084236264
-0.060634185,0.116936274
-0.1498361,0.12203601
-0.02266438,-0.063859515
-0.055798635,0.021264507
0.023727566,0.0039939675
0.042404745,0.0094732335
0.11228569,-0.1130712
0.06249006,-0.08415104
-0.09217964,0.1407572
0.117643856,-0.08846346
0.11467658,-0.08843343
-0.030550063,0.02301342
0.040309396,-0.05126999
0.088079266,-0.06579493
0.04191031,-0.08393416
-0.05917125,0.08643874
-0.06725482,0.072654374
0.05852413,-0.09183815
-0.059953883,0.110879846
-0.06470199,0.08940883
-0.11005087,0.071563296
-0.06443373,0.110241115
0.015745131,-0.021635732
0.01318715,0.012852851
0.15535152,-0.13116822
0.003836336,-0.044764943
0.018413723,0.046309616
-0.11290541,0.04176369
-0.1101496,0.02542748
0.010721312,-0.06061719
0.22106963,-0.14995635
0.086015075,-0.13615812
0.04288927,-0.057128835
-0.005434705,-0.03706343
0.06610074,-0.05765766
0.14429139,-0.09033614
-0.022578109,-0.0042570005
0.0362355,0.015415696
0.11178818,-0.04325603
-0.014561538,-0.0063240803
-0.013963153,-0.062373918
-0.0028321822,0.04325454
0.016388047,0.027473284
-0.021140995,0.04908841
0.1400672,-0.075556956
-0.023722466,0.018838966
-0.039768644,0.008869197
0.029540416,-0.04640859
0.104126126,-0.19218501
-0.043352652,0.09521723
0.047025863,-0.049772512
0.092788324,-0.09645931
-0.034545526,0.056755494
0.07907399,-0.062523544
-0.071581334,0.063929334
0.1390284,-0.12666549
-0.027616093,-0.002427886
0.102809235,-0.10468376
-0.00470787,-0.04275405
0.056303017,0.004815073
-0.017436516,0.061679255
0.08466167,-0.12604442
-0.096371554,0.037049416
-0.04993092,0.01908114
0.02964798,-0.04624481
-0.10642424,0.15615527
-0.0099076275,-0.038575612
-0.03364607,0.06196271
0.06585346,-0.03381549
-0.03455608,0.06521831
0.060408726,-0.024304964
-0.028749948,-0.034976695
0.016153498,-0.0076532937
-0.07207084,0.0662823
-0.07920681,0.0728132
-0.055392914,0.047510985
-0.01470078,0.02313292
0.08709159,-0.05391554
-0.049060408,-0.029300796
-0.035428558,0.030901276
-0.09753856,0.09868687
0.03546711,-0.12799673
-0.017917173,-0.011720637
-0.17411172,0.18743198
0.0024772533,0.031248894
0.029329285,0.030875716
0.009168037,0.06437052
-0.019184109,0.0890254
-0.05787193,0.05359166
0.060476694,0.018092304
0.032808,-0.04047247
0.03059639,-0.05326416
-0.00023836247,0.07909713
0.045033455,-0.038216807
0.06811133,-0.035653744
-0.02667317,-0.038404066
0.010039899,-0.014082696
-0.055830598,-0.032380775
-0.03419378,0.07821655
0.05077574,-0.09583049
0.049200036,-0.080689974
-0.040924042,0.015680114
-0.018521465,-0.028899152
-0.09875335,0.07473298
0.0030878633,-0.007806728
-0.0072728093,0.07971408
0.13579586,-0.116534404
-0.09368927,0.008418267
-0.017782524,0.082328156
-0.07255782,-0.004224506
-0.055964425,0.11773529
0.010297595,0.01563267
-0.08244338,0.008330761
0.008557708,0.022589354
-0.050964214,0.012017965
0.08513934,-0.043497324
0.011633852,-0.077847466
-0.02388374,0.015310719
-0.1513815,0.18190604
-0.069689505,0.037044425
-0.044203117,0.05759078
-0.062357843,0.10525841
-0.06545482,0.05749073
-0.07450894,0.08355952
-0.007273913,-0.07604138
-0.0640476,0.12103733
0.038751516,-0.026908014
-0.04770051,0.023489252
0.0066837296,-0.0064716465
-0.025556609,0.08655072
0.08741723,-0.090833984
0.12884544,-0.090253174
-0.012177798,0.114049375
0.06955871,-0.0005553047
-0.036741946,-0.05590945
0.0013709739,0.04786428
0.09006113,-0.07120858
0.030227663,0.05569438
-0.04966728,0.0754696
0.011103848,0.047880627
-0.028262105,-0.024625815
0.108020075,-0.024834834
0.08112939,-0.076710835
0.044577654,-0.082446985
0.014683997,-0.06614418
-0.046925407,-0.0043518525
0.11686559,-0.09682196
0.024154546,-0.0054150103
-0.18388173,0.18783838
0.051142544,0.013969381
0.080925226,-0.07379725
-0.12197172,0.025807215
0.045324083,-0.01247854
0.037007466,-0.06160804
-0.03547959,-0.037917662
-0.018686993,0.05589628
-0.102952115,0.075498305
-0.027966792,-0.045795184
-0.009857602,0.07561393
0.007001939,0.04964172
0.045023788,-0.05597166
-0.049998377,0.07840751
-0.004731446,-0.013903786
-0.10294537,0.12222731
0.01005823,-0.035315324
-0.0011762796,-0.00784152
-0.056401193,0.06280811
0.09691973,-0.021578519
0.019949038,-0.001608357
0.16134861,-0.13620745
0.21321376,-0.13872163
-0.01696765,-0.012023583
0.005469994,-0.102924354
-0.02285409,-0.003652284
0.017438916,-0.06479374
-0.040481027,0.017981362
0.039406173,0.03814794
0.064258724,-0.019478833
-0.07462888,0.044361845
0.101162374,-0.055542555
-0.0850042,-0.0061058514
-0.06257524,0.05912983
-0.077045985,0.11460612
0.10447628,-0.043699596
-0.028607931,0.03282124
0.108239114,-0.119732685
-0.03169665,0.04521372
0.029503753,0.014694072
0.08065763,-0.092457056
-0.047374394,0.07640239
0.03781771,-0.064776294
-0.066699944,0.08740301
0.0350307,-0.019893074
0.06638262,-0.021646855
-0.0039975024,-0.020441748
-0.031694356,0.080224745
-0.035686627,0.002627402
0.1207411,-0.026294576
-0.04911418,0.0118362885
0.043561723,-0.1282969
0.0957703,-0.0457632
-0.030212479,0.04638747
0.039267484,-0.046229623
-0.097507745,0.045316264
0.022528375,0.023559194
-0.03461298,0.03419246
0.05046268,-0.052759092
0.019088024,0.0025965248
0.07474481,-0.08715605
0.009399845,-0.0012775357
-0.0097388,-0.09374441
-0.01990518,-0.008188455
-0.010592663,0.0059775584
0.13782266,-0.18393669
0.037246536,-0.05787147
0.0062318994,0.043479532
0.008152196,0.046240274
-0.0011043859,-0.06810387
-0.11968247,0.09403637
0.02095543,0.025262544
0.045741834,-0.024685247
-0.06562736,0.035095427
0.025471177,-0.09190529
-0.016497415,0.07678507
0.07014476,-0.1676009
0.03859444,0.003199736
-0.01653431,-0.051296867
0.057991367,0.009736707
0.07687166,-0.07906609
-0.18140148,0.1040664
-0.13750266,0.20613098
0.017623818,-0.015644707
0.019794008,0.03501806
0.07312244,-0.005320416
0.048959326,-0.0041286796
0.041966423,0.010207773
0.08024985,-0.042605802
0.085819915,-0.072101586
0.025650471,-0.032896195
-0.11056651,0.16023909
-0.15604647,0.102919586
-0.032824118,0.017110618
0.03899017,-0.060424827
0.021950694,0.008940399
-0.029747808,0.085042894
0.010653534,0.0071514924
0.04462161,-0.040631186
-0.007559849,0.06940397
-0.040587913,0.07638868
-0.09574628,0.033553146
0.03962782,0.031837597
-0.062903754,-0.0046090423
0.04150694,-0.07900509
0.09475282,-0.046948224
0.029829428,-0.1058214
-0.03880672,-0.0011070346
-0.051173776,0.021616
0.037277352,-0.09200457
0.005193814,0.06529484
0.06535919,0.024224646
-0.012300847,-0.038652025
-0.19105887,0.17521125
0.0537994,-0.0866153
-0.034558542,0.018783467
-0.021694908,-0.02343137
0.050549656,-0.066934995
-0.0808667,0.063040376
-0.017840194,0.008540454
0.064647324,-0.094787344
-0.04438881,0.038669623
0.04734116,-0.006787087
-0.07062311,0.093831405
-0.052337013,-0.030910144
-0.094814755,0.123245545
0.0056317877,0.028467493
-0.004750216,-0.014552319
0.06298822,-0.044923138
0.019040154,-0.041820213
-0.07199548,0.061155528
0.09262785,-0.06213194
-0.013383911,0.01592989
0.032811735,-0.12719752
-0.09381827,0.018111486
0.0045757396,0.046286974
-0.10118913,0.099111445
0.13271412,-0.08864098
-0.03702309,0.041609336
-0.0566299,-0.027732894
0.036877774,-0.032677587
0.010465997,0.05583328
0.083005376,-0.07514162
0.06483187,-0.11551721
0.07043796,0.0010823043
0.00013534098,-0.035810016
-0.10785177,0.10489225
0.095088854,-0.069994144
-0.11268025,0.11725363
-0.10570969,0.05324996
0.046200298,-0.13111337
-0.0057642213,0.030407796
0.033799045,0.0035330562
-0.016679369,-0.059326362
0.039776903,-0.07631813
-0.08364164,0.088614196
0.017867396,-0.067741424
0.08799182,-0.08815412
0.07875048,-0.14456716
0.036374032,-0.0044073006
0.09446186,-0.03967166
-0.00088191824,0.030283777
0.061752673,-0.08430052
-0.029351218,0.025358256
0.046239983,-0.032598227
-0.078458354,0.111516766
0.091411665,-0.09109643
0.06802715,-0.08386898
0.013499581,-0.019661983
0.023472583,-0.028118428
-0.003305024,0.041603718
0.0011277436,-0.02427521
-0.025368167,-0.01243172
-0.0054793637,0.079574846
-0.08678966,0.058016688
-0.044586577,0.019382037
0.09835882,-0.1243533
-0.010666898,0.018573387
0.036372162,0.014028557
0.014432588,0.08519583
-0.06855911,0.051044572
-0.05912407,0.033408027
-0.0062251543,0.03091467
0.04946073,-0.062026948
0.084784076,-0.056682326
-0.04184349,0.041597918
-0.06559851,0.047895506
-0.045862462,-0.04335144
-0.0711429,0.008707302
-0.008172057,0.004838895
0.01501195,-0.02762509
-0.12746237,0.11771109
-0.00064352655,0.05094122
-0.050380334,0.012614737
-0.020771718,0.045365345
-0.01864032,0.09335655
0.0061280048,0.006331059
0.03086042,-0.06045443
-0.0066622184,-0.00049793575
-0.060667034,0.025409658
0.053516895,-0.011488628
-0.084876545,0.09635019
0.019617628,0.020774525
-0.061906487,0.04351162
-0.032254808,0.07948342
0.15001477,-0.13843104
-0.0005361967,-0.073357575
-0.0014515861,0.007987348
-0.027352463,-0.0058137416
0.0052033644,-0.10144693
0.03206781,0.0016626148
0.07943059,-0.13979201
0.12622504,-0.05429815
-0.07293358,0.049730286
0.005756614,-0.09802536
0.04333698,-0.030199172
0.110500984,-0.1019811
0.21252973,-0.19762728
-0.07971339,0.091912694
-0.08421873,0.08666355
0.014628443,-0.007928236
0.06492337,-0.0109793255
0.036163215,-0.0086879255
0.047728106,-0.05975668
-0.041060753,0.01251289
-0.039054535,0.06025414
-0.1063407,0.1166375
-0.10107313,0.06913526
0.046064537,-0.033644814
-0.01506159,-0.004035542
-0.011938761,0.025013667
0.029332692,-0.017732378
0.09918565,-0.15601496
-0.08999654,0.07852749
-0.096819706,0.030706454
-0.05781253,0.11226293
0.025809024,-0.06906715
0.07511603,-0.025836248
-0.027035452,0.08931847
0.18355209,-0.18739215
-0.0033529778,-0.060832918
0.09184382,-0.039876778
0.08392156,-0.034346916
-0.035126824,0.014976235
0.11965459,-0.13143687
-0.049619604,0.023705486
0.01564916,-0.10384663
0.06942521,-0.09657384
0.080932796,-0.12264728
0.09220144,-0.109438084
-0.0269885,0.03197521
-0.047040507,0.058738124
-0.07006675,0.021236917
-0.018830355,0.035280574
0.016642727,-0.028582755
-0.00011053289,0.030332386
-0.045174304,0.05614021
0.105989434,-0.13070309
-0.11848667,0.06258125
-0.06689811,0.077560715
0.041059304,-0.050109264
-0.0041997265,0.036299188
-0.018631876,-0.0070178225
-0.023978174,0.008472163
-0.009770377,0.026834285
0.047932215,-0.04029715
3.1084506e-05,-0.08276018
-0.0048196143,0.04842692
0.073226094,0.013586964
-0.016600668,-0.02823296
-0.04618912,0.031186102
0.0008349902,0.0049058567
0.12649892,-0.049122013
-0.0010173625,-0.016298264
-0.057004683,0.087708235
0.025365487,-0.052803453
0.051583234,-0.1290259
-0.09657259,0.033250555
-0.0018042953,-0.039781336
0.033781387,0.003229704
0.0005718898,0.022942947
-6.341974e-05,0.019029472
0.050155323,-0.019919159
0.08233861,-0.08489169
0.051936008,-0.076967955
0.036811218,-0.0707098
0.10823453,-0.10260666
-0.060166787,-0.014024697
-0.074348345,0.12396743
-0.05921185,0.014751206
-0.018050672,-0.010841376
0.040813792,-0.08153958
0.041830577,0.06283688
0.0060527427,-0.02749215
0.06075479,-0.00020160258
-0.09499326,0.06479912
0.08711955,-0.065014355
-0.06058174,0.065946154
-0.061922293,0.07928686
-0.07895923,0.10747985
0.06201884,-0.026737515
0.092347644,-0.040438965
0.033964366,-0.024066336
0.119547054,-0.105910674
-0.0036360845,-0.011863599
0.03998401,-0.09856072
-0.052871797,0.023234123
0.028984662,-0.039291892
0.050790437,-0.09186219
0.010641958,0.0031864538
-0.110474914,0.048945528
-0.005164246,-0.01956709
0.085419744,-0.041260175
0.15604113,-0.14274165
-0.045921836,0.030475575
-0.06396984,0.11452329
-0.022780458,0.0145035945
-0.13275322,0.13330466
0.09523457,-0.01974586
0.03764457,0.023574563
0.06292646,-0.05372047
-0.036771853,-0.03844803
0.073202945,-0.042202823
0.010780973,-0.08670148
-0.18058272,0.12257653
0.088760205,-0.06642672
0.05127958,-0.009389856
-0.026907215,0.03226378
-0.011775917,-0.019536644
-0.0546343,0.118218295
-0.16131456,0.108931445
-0.06468133,0.005265897
-0.010970743,0.020316744
0.061186146,-0.05521854
0.022792207,-0.025534317
0.04202821,-0.050920572
-0.11824791,0.15302669
0.005175241,-0.036035743
0.019816112,-0.024521818
0.04039118,-0.028081771
-0.057434995,-0.008439022
-0.13545309,0.12313981
0.0839048,-0.088318296
0.031484194,-0.05603439
0.06980201,0.019336551
-0.10584207,0.073839
-0.058061443,-0.002916839
-0.01868904,-0.076089546
0.06193822,-0.07282138
0.09292463,-0.072608456
0.07056767,-0.091137506
-0.055070378,0.055971246
0.06451444,-0.093227
-0.0032630565,-0.06531143
-0.1850205,0.19063613
-0.062336333,0.03964905
-0.115515836,0.111361586
0.04143444,-0.023524603
-0.09709612,0.055663917
0.016737873,-0.05442388
0.16060941,-0.16297856
-0.061794605,0.02754635
-0.06838814,0.00260235
0.032344103,0.00026960278
0.16563258,-0.16767378
-0.027126923,0.06213265
0.08580146,-0.13100882
-0.09757358,0.039177943
0.009990469,-0.07566716
-0.061008744,0.0013852955
0.00931301,-0.028495474
0.019092731,-0.04120748
0.09137431,-0.05072348
0.0075423163,0.006844244
-0.04867982,-0.008000966
-0.08116431,0.008980276
-0.043985005,0.044683646
0.037220106,0.03395297
0.00085868686,0.074289486
0.09421839,-0.0143754715
-0.010804782,0.051417045
0.1139262,-0.06341507
0.0014378985,0.009401373
0.058760792,0.0009815039
-0.040840123,-0.025410503
-0.103514574,0.096810475
0.045025423,-0.029126333
-0.039298404,0.036607966
-0.052396104,0.0076659694
0.0026444942,-0.0019435448
0.048814587,0.039810844
0.11284516,-0.15757075
0.04520986,0.01890475
-0.040884558,0.054634202
-0.062116463,0.074664734
-0.01067729,-0.024495183
-0.048978426,0.0640706
-0.025138667,0.07493064
0.093318455,-0.06976806
-0.17680131,0.13393599
0.04491934,-0.0090670865
-0.0142504545,-0.0053546173
-0.014142252,0.08028562
-0.06699266,0.07010721
-0.014657578,0.017612902
0.13869922,-0.17913297
-0.026226528,0.016106393
0.118231334,-0.15762317
0.06273706,0.0036320451
0.066172265,-0.10458018
-0.09230436,0.06590831
0.062023655,-0.009657363
0.014408458,0.015627995
0.06409598,-0.072050616
-0.045593046,0.067224324
0.08069459,-0.014754214
0.054964352,-0.016239738
-0.016891273,-0.020912427
0.03899918,0.009136217
0.020884657,-0.033337507
-0.05757918,0.06370337
-0.07401051,0.014936641
0.081374854,-0.04606971
-0.1465585,0.0692662
0.12808934,-0.13880605
-0.07045941,0.10373527
0.022253685,0.009297924
-0.018418783,0.0049749278
-0.03411995,0.019350724
-0.06138709,0.03516847
-0.16150053,0.14255422
0.10446971,-0.07278891
-0.15752982,0.22049771
0.0093186125,-0.087316394
-0.00080090703,-0.027138466
0.037462916,0.013401778
-0.047165487,0.05249084
0.0627337,-0.10086186
0.12542708,-0.06556525
-0.08825027,0.08275467
0.018091375,-0.005497255
0.06886935,-0.037316076
-0.0582065,0.0014356825
0.06314112,-0.053491876
0.004306202,-0.050316554
0.07686675,-0.13149504
0.022003293,-0.015824653
-0.04079592,0.007257013
-0.003681298,0.034406163
0.047035035,-0.033652507
-0.10536868,0.09125418
0.009667692,-0.03319277
-0.097190306,0.14506774
0.113459535,-0.047129568
-0.06608974,0.019296765
0.021309283,-0.0699823
-0.079426885,0.0811152
-0.010037884,0.07572977
0.025495585,-0.0067735114
-0.01437992,0.005724234
-0.047890954,-0.046121348
-0.025765229,-0.006138759
-0.0791776,0.01226698
0.008011465,0.0019082343
-0.021518337,0.035695154
0.13577436,-0.13485733
-0.01935761,0.048804086
0.017378392,-0.009017918
-0.090174995,0.10763312
-0.07274387,0.03435116
0.0075843846,0.023941377
0.014137335,0.020470507
-0.051587943,-0.033870883
-0.12351645,0.072928086
-0.038062025,0.0063105263
-0.06775801,0.051335957
-0.0635236,0.105536744
0.05002829,-0.05831834
0.029411951,0.01648865
-0.056862712,0.01890933
-0.025555786,-0.077611975
-0.09062038,0.14277549
-0.016441844,0.086128205
0.023036147,-0.09208248
-0.07435595,0.026903559
0.020007942,-0.0458029
-0.12973145,0.11968222
0.056854717,-0.050898153
-0.0040221633,0.0021453216
0.10738662,-0.12913135
-0.044638686,0.09894619
0.079745665,-0.026877427
-0.019027991,1.4100991e-05
-0.12203401,0.11993558
-0.19259448,0.1599248
-0.02285875,0.04222551
0.027132105,-0.07200165
-0.0148827825,0.06269004
0.13099597,-0.07935682
0.09879723,-0.021601425
-0.08419749,0.025022345
-0.008180056,-0.045384057
0.024070801,-0.06234611
0.009385385,-0.017468777
0.22059608,-0.15702279
0.033630118,0.054957096
-0.08518831,-0.0034292764
-0.030139597,0.036635842
-0.005398384,-0.023050785
0.007333719,-0.0033180066
0.0020160757,0.058373813
-0.044483002,0.0546582
-0.046839558,-0.0077039925
0.000817291,0.018080313
0.014381766,-0.038198147
0.03296083,-0.020924
0.053189028,-0.09957058
-0.04141058,-0.02312684
-0.07709387,0.09225164
-0.07493702,0.09567506
-8.333798e-06,-0.006779048
-0.01279594,0.06175486
-0.05296142,-0.0048575522
-0.14454411,0.07793357
-0.010764571,0.036505353
-0.0172045,0.010844261
-0.014820355,0.016468441
0.062375896,-0.020147055
-0.072028905,0.120786354
0.00804146,-0.04089586
-0.04351436,0.09426568
0.09376312,-0.057326395
0.06631377,-0.043340433
-0.036841244,0.032810308
0.04876173,-0.07969172
-0.033785693,-0.03721471
-0.056454282,0.06087417
-0.10394949,0.101727165
-0.015607516,-0.07279499
-0.020507969,0.041566517
-0.12681043,0.069453105
-0.06194055,0.040051594
0.16713649,-0.08825209
0.065136425,-0.012178314
0.054772977,0.0004040668
-0.022958258,0.09737409
-0.047401335,0.05901819
-0.10150096,0.11992644
-0.081631385,0.117150664
0.11918564,-0.15866472
0.09108471,-0.04844933
0.111200385,-0.0544679
0.0051901555,0.0458951
0.026448362,-0.049880087
0.013175996,-0.042814292
-0.079420686,0.01620167
-0.074986316,0.042692322
0.06341813,-0.025590625
-0.021400087,0.020227797
-0.041670304,0.03339358
0.020855775,0.017965382
-0.11190123,0.16518201
0.026981104,-0.056924216
0.08040804,-0.17322294
-0.004436137,-0.015817232
0.037097342,-0.011033746
0.021417987,0.019788636
0.049755953,0.033040665
-0.06052606,0.022522353
-0.002263745,0.05872524
0.06776705,-0.113067456
0.08821839,-0.080359116
0.032984473,0.0072813947
-0.04208581,0.11936592
0.09407646,-0.16623725
-0.10018477,0.067146
0.092493005,-0.028455026
-0.09403564,0.1798207
0.12878342,-0.13554178
-0.055531453,0.004905455
0.11418953,-0.022262923
-0.18485509,0.14526528
0.042812023,-0.010110962
-0.09301469,0.069069125
0.027484743,0.04001379
0.07227871,-0.0120452205
-0.025229149,0.10517624
0.06026229,-0.0699777
-0.025662363,0.02408861
-0.009910828,0.06782397
-0.026634628,0.03883101
0.0735079,-0.058636427
0.08623768,-0.081938244
0.019603176,0.06914865
-0.026740622,-0.04683766
-0.07038504,0.026631365
-0.14808126,0.119038604
-0.087716356,0.102184206
-0.058181323,0.04168175
0.026106475,-0.014582708
-0.037640188,0.02508106
-0.0003730521,0.020920182
-0.021553047,0.03967198
-0.008971788,0.0573543
0.090199135,-0.038055386
0.010490894,-0.025726486
0.06790294,-0.067329325
0.05198824,0.011290791
0.048955258,-0.04289621
-0.11404264,0.07878887
-0.0102158915,0.06911705
0.01253473,-0.08661796
0.095765926,-0.03326393
-0.11445409,0.09797704
-0.054396704,0.032188084
0.059178896,-0.04038586
0.123963766,-0.10800834
0.019967405,0.018718844
-0.085080005,0.07108344
0.0739516,-0.022285087
-0.023889182,0.059785917
0.013687079,0.033746317
0.060530495,-0.062107857
-0.038158104,0.028104179
0.022875201,0.0138831055
0.06542477,-0.029731726
0.043083813,-0.09552339
-0.005881117,0.030104505
0.101120256,-0.071729474
-0.051502813,-0.0287431
0.08782625,-0.15000825
0.14645661,-0.08711021
-0.0030702723,0.07065105
-0.013563335,0.04623897
-0.09717512,0.05393669
0.018688241,0.030205851
-0.08433511,0.017347718
0.12749639,-0.16966826
0.068386786,-0.027328203
-0.025990983,-0.021550806
0.014247267,-0.041280173
-0.010613629,0.045456395
-0.039211337,0.04615879
-0.042896662,0.06991163
0.019788729,-0.015581272
0.08620114,-0.008803268
0.012200392,-0.037186544
0.09404451,-0.14985333
-0.02172666,0.041190896
-0.19423206,0.19348799
-0.0021904046,0.052123502
-0.08276489,0.09281204
-0.01496901,0.05660938
-0.054001216,-0.018323068
-0.073559865,0.063837655
0.0064263726,-0.04494435
-0.010450912,0.021607224
-0.036887947,-0.0017446147
0.106486976,-0.08999938
-0.0033813135,0.0060600196
0.0067286356,-0.010898107
-0.04663721,0.027928928
0.02590586,0.029957255
0.006925628,0.0211124
0.102376685,-0.078789786
-0.0021538134,0.051172674
0.045574725,0.034882277
0.028024198,-0.020773333
-0.054778907,0.049035423
-0.054568056,0.035034597
0.09650469,-0.054313637
-0.04117891,0.01747364
-0.00514133,0.0074966988
0.049987666,-0.06178875
0.026479978,0.020598961
-0.038145203,0.08969558
-0.03558887,0.030764483
0.012540221,-0.03190574
0.063553765,-0.060139675
0.060841564,-0.0010043865
-0.04668589,0.06840923
-0.030450279,0.08372761
-0.050539006,-0.013348559
0.04598918,-0.07113832
-0.021847691,-0.035498608
-0.036963396,0.05260454
0.06216906,-0.040453065
-0.04566941,0.07202131
0.07825771,-0.14448492
0.13199696,-0.105345204
-0.05626316,0.0386656
-0.04993183,-0.010527941
0.04253729,0.023861863
0.038265243,-0.050319765
0.029067209,-0.075768135
-0.00839734,0.093803786
0.041400854,-0.021239294
0.021872211,-0.016875343
0.11843105,-0.07469056
-0.0450853,0.04741475
-0.03754918,0.032816526
0.05899176,-0.033241812
0.09992596,-0.07409672
0.005108262,-0.061054062
0.031050483,0.052711915
-0.020182502,0.04177214
-0.06435117,-0.008904875
-0.011522701,0.038123626
-0.010755308,0.030941742
0.045697972,0.012657001
-0.009729543,0.019752543
-0.07173397,-0.00010023771
0.05217979,-0.019920718
0.103370585,-0.06210075
0.04354157,-0.021200921
-0.023702174,0.06828491
0.08652452,-0.08814216
-0.021502133,-0.010821264
0.03437475,-0.066594206
-0.057927556,-0.031683777
0.02947696,0.020066794
-0.04982972,0.035909552
-0.0723672,0.024330657
0.0115351835,0.034145597
-0.022776812,0.05728694
-0.03649259,0.028321318
0.02628225,-0.040653102
0.060877863,-0.05276441
-0.015068449,-0.0504245
-0.09249322,0.07507382
0.056160673,0.0058774673
0.08612477,-0.059719518
0.016790088,-0.058089614
0.11830939,-0.13561872
0.00052270055,-0.0036869699
0.0100468835,-0.02825242
-0.088076316,0.03404507
-0.095483206,0.023137331
0.067109,-0.029573463
0.076303735,-0.037427284
0.03079181,-0.03439977
-0.0022378587,-0.036685348
-0.0578617,0.038293187
-0.04899548,0.04112271
0.0703041,-0.07168288
-0.11531188,0.039464455
-0.00349063,-0.014431666
0.038137212,-0.08242412
0.02810769,-0.022631785
0.0018827451,-0.03734413
0.029158613,-0.08239178
-0.17259227,0.121317536
-0.07441065,0.04413996
0.09205246,-0.10068117
-0.08706848,0.03700455
-0.033389032,-0.039042607
-0.030463858,0.008786019
-0.031151697,0.05156626
0.047300816,-0.07695013
0.051223103,-0.044668674
-0.022492921,-0.0019529584
-0.033675205,-0.06126295
-0.031039577,0.024757488
-0.024321603,-0.0009815394
-0.07669826,0.02594184
-0.08336416,0.086129084
-0.07159168,0.07342522
-0.020109046,-0.05950744
-0.028872836,0.08160409
-0.0028175162,0.0053711445
0.0061166817,0.046683397
-0.014262372,-0.05195297
-0.036445618,0.06259136
-0.008417275,-0.06607057
0.034580614,-0.05665959
0.06976839,-0.03639154
0.0063024885,0.033537067
-0.058959365,0.05664402
0.063605726,0.011561431
-0.023917096,0.03688568
0.00965453,0.011132368
0.030512089,-0.009460143
0.0031172524,-0.0027820852
-0.008537789,-0.021448033
0.018317163,0.0050006583
0.0045306715,-0.050109576
0.059481356,-0.100131415
0.10651763,-0.09159556
-0.06770729,0.030045139
-0.038330756,0.06507006
0.0025823317,-0.0022142662
0.06150799,0.009120632
0.027045779,-0.040423185
0.0046770386,-0.030167844
0.02920824,-0.034581657
-0.007977332,0.07883424
0.038855746,0.02452111
0.0101007465,-0.010257277
0.018934367,-0.04941596
0.09178203,-0.041731082
-0.053482596,0.03560456
0.05002348,-0.039670724
-0.07153491,0.04960849
0.018464886,-0.006098647
-0.055393633,0.023210583
0.16145255,-0.13768904
-0.07307495,0.07672188
0.071157865,-0.0299575
0.11246965,-0.0952362
-0.2360107,0.17228536
-0.06290425,0.024906576
-0.05657892,0.02775868
-0.022236634,0.08685538
0.010941285,0.033817858
-0.060945153,0.07523797
0.06801288,-0.038185846
-0.03812113,0.07370337
-0.09612408,0.099695385
-0.08176858,0.09847623
-0.08096429,0.10054615
-0.038007878,0.06273378
0.027346857,-0.06414741
0.116073914,-0.036104206
-0.016110223,0.07047255
0.03430626,0.0014459707
-0.07177053,0.07231555
-0.024833731,-0.010765168
0.14691097,-0.0569175
0.08095094,-0.10852502
-0.021267012,0.06033893
0.04864866,-0.035967823
-0.013655778,-0.013539471
0.056285836,0.028997663
-0.11619815,0.03466793
0.09045623,-0.08167667
-0.021032799,-0.007614508
0.045853328,0.022027364
0.01914597,-0.03521
0.17491888,-0.14473648
-0.08585865,0.12769178
0.049641438,-0.016009327
-0.012979514,-0.052073717
0.012286395,0.04304309
-0.027377322,-0.020800773
0.044171732,-0.00971102
0.011784418,0.019764325
0.016770499,0.05622739
0.037132856,-0.034674454
-0.03372377,0.031430528
0.036354214,0.009021033
0.046902765,-0.015630351
0.067515455,-0.099965364
-0.0026590724,0.07566204
-0.0063700685,0.002314355
-0.0070380857,-0.0078100017
-0.010910703,0.012286047
0.022601618,-0.012084674
-0.0957143,0.11788259
-0.04326254,0.012639475
-0.042482316,0.08588715
0.0011743302,-0.018410651
-0.02231272,0.037490882
0.03581659,0.014827464
0.031549145,0.00803619
0.0059910356,0.086021304
-0.013638748,0.020391159
0.104377896,-0.15594938
-0.13528633,0.096913435
0.014530364,0.040675897
0.03986728,-0.034969933
-0.04864464,-0.011032761
-0.075547196,0.03277002
0.08241927,-0.04899216
0.017036282,-0.0044762916
0.00308304,-0.0120903235
0.09875271,-0.13599129
0.008462226,-0.011874432
-0.03740561,0.022316506
0.10139724,-0.033843026
-0.08650524,0.078925304
0.12772231,-0.1853244
0.042641114,0.012790157
0.078430265,-0.1106802
0.05008345,-0.030192534
0.060904127,-0.018840816
-0.05910551,0.08642399
0.013396027,-0.015186713
-0.07681898,0.09126081
-0.018476998,0.0102302125
-0.04687842,0.01627742
-0.14601974,0.14312048
-0.007851669,0.0156149035
-0.08686821,0.055720422
0.036699142,-0.08373011
-0.063748844,-0.029833958
-0.0943375,0.038299453
-0.008214763,0.012291241
0.07794574,-0.05932586
0.09429651,-0.06256667
-0.030911293,-0.014964978
0.06259298,0.01856446
-0.10125028,0.060017556
-0.16171397,0.14868619
-0.06002206,0.044146135
-0.017202089,-0.036923993
0.0011503823,-0.02687513
0.049091555,-0.06831528
0.106548294,-0.10647599
0.0073570386,0.05151064
0.02428288,-0.027234636
0.051924173,-0.03588572
-0.111687854,0.118861794
-0.028827595,0.11353337
-0.031012136,0.10659858
-0.09376169,0.07482523
-0.007773746,-0.07115876
0.08067015,-0.06890156
0.087758034,-0.13696948
0.03226555,0.045850936
-0.045712914,-0.04396008
0.016493892,-0.0024375918
0.033688325,-0.043131668
0.04782977,0.013272654
-0.08178966,0.10418673
-0.043608464,0.06654493
0.014371931,-0.01543393
-0.016952833,0.018142048
0.04914169,-0.052688528
-0.034101374,0.09677653
0.032642793,0.03108702
0.08172979,-0.03245806
-0.06541276,0.041299324
-0.070483536,0.10046429
0.013054289,-0.04926142
0.035439596,-0.08246395
-0.059189152,0.12282323
0.036426768,-0.07857476
-0.069211125,0.06716392
0.04112957,-0.069844924
-0.11336251,0.109391056
-0.04459867,0.044678446
-0.010115562,0.047753546
-0.003590857,-0.02909599
0.06896288,-0.082490206
0.080300756,-0.06300587
-0.024423126,0.009146525
0.030889647,-0.004594639
-0.0372867,0.109065056
0.03470249,0.028636284
-0.07492714,0.08062582
0.017594043,-0.004206613
0.087040536,-0.016032336
-0.036510766,0.018510967
0.03763245,-0.025268428
-0.007145991,-0.00302602
-0.0774525,0.07349504
0.06936154,-0.028153328
0.027195724,0.0017773896
0.01061866,0.013030148
-0.053132173,0.03604865
-0.03427423,0.0049358
0.09788289,-0.12603793
-0.02483989,-0.05180432
0.028448591,-0.043311812
-0.05647428,0.116388254
-0.057883807,0.0745898
-0.05008071,0.09720389
0.011479374,-0.02655623
-0.011660078,0.0506871
0.011159697,0.024534503
0.17060435,-0.16488823
0.10742253,-0.09432151
-0.0049306815,0.05011241
-0.052205447,0.0022952298
-0.0018523262,0.010991729
-0.0039042884,0.04162191
-0.03298663,0.04683494
0.0034280848,0.048312504
0.056310106,-0.042775515
-0.035703644,0.045789335
0.098104745,-0.077365436
-0.05965295,0.011855479
0.14310262,-0.17268763
0.104567125,-0.09328833
-0.0014026294,0.012292672
0.08420933,-0.09791333
0.0008761013,-0.021488009
0.16613393,-0.08951774
0.06468768,-0.14394854
-0.10655556,0.07728309
0.014394316,0.029939197
0.018403955,0.058613457
0.009479753,-0.01727448
-0.15914439,0.16414645
0.08256279,-0.10102878
0.038723364,-0.051171593
-0.09401368,0.10426321
-0.05988125,0.03986456
0.006743164,-0.02790689
0.07305437,-0.061176185
0.020512577,0.026087055
-0.15231992,0.13590313
-0.11441414,0.15320055
0.009533307,0.009289274
0.07223524,-0.034383874
0.032371916,-0.03788495
0.046099156,-0.0043985597
-0.027100438,0.014963918
0.06761003,0.010831216
-0.016204648,0.016388312
-0.19286415,0.09743769
-0.028873244,-0.043337658
0.052529097,-0.030983146
-0.01733094,0.019892238
0.05713269,-0.038850553
-0.03597856,0.06638136
-0.074524716,0.06437949
0.03904434,-0.09705287
0.039572246,-0.11048021
0.03314759,0.028345557
0.039046437,-0.050422367
-0.032193705,0.037440058
0.0037475105,-0.014581536
-0.02445354,0.10497798
-0.0007990332,0.0063143
0.012722566,-0.00095018256
-0.079064265,0.12732856
-0.026630402,0.002823714
0.007821059,-0.08444643
0.017070822,-0.02754593
0.0029762324,-0.0081495205
-0.012507798,0.07369467
-0.021316027,0.028919857
0.016026169,0.0005938421
0.02745183,-0.0010154517
0.017065903,-0.040968843
-0.08402944,0.081111714
0.065206625,0.015909212
-0.013869673,0.06264655
0.01784522,0.078946896
-0.09312452,0.08187034
-0.06276098,0.015935736
-0.057681404,0.037586942
-0.0409451,-9.055809e-05
0.036216453,-0.03181901
-0.008378588,0.002150145
-0.08450797,0.07462898
-0.034515157,0.056932144
0.014668748,0.016941674
-0.046170857,-0.023830153
0.0045687626,-0.017477328
0.0378594,-0.02842277
-0.009467376,0.035139244
-0.08788483,0.0722833
-0.053158257,0.05182842
-0.03087906,0.026421217
-0.108240806,0.089095056
0.027424634,-0.03455085
-0.10817198,0.03100346
-0.021360198,-0.04405569
-0.006105168,-0.047491003
0.0031897665,-0.021833746
-0.015447884,-0.06023802
0.026156202,-0.08089715
0.029360313,-0.003903702
-0.09372163,0.050065055
0.05359158,-0.019769767
-0.061768416,-0.025109448
-0.110948645,0.08473592
-0.18156593,0.18366233
0.029492222,0.028384656
-0.079119086,0.005899815
0.008018992,-0.024292227
-0.053432252,0.004379878
0.008469741,-0.05715509
-0.0790394,0.13768074
-0.003936603,0.04271891
0.100129984,-0.11268079
-0.054150227,0.07140066
0.060635783,-0.018283512
0.08505636,-0.1298882
-0.039688837,0.084030494
0.049202092,-0.07285956
-0.025748847,-0.04845949
-0.10795125,0.046506252
-0.051901218,0.0707465
0.06663938,-0.08842237
-0.038371444,0.03446389
0.025050826,-0.08567317
0.0019262789,0.056061376
-0.039877087,0.07901734
0.022795169,0.009129206
-0.19135767,0.15983799
0.1326696,-0.19867888
0.045398016,-0.02393851
-0.15305465,0.14420386
0.035578884,0.02658031
-0.002911918,-0.08643816
-0.09083374,0.062181182
0.051746886,-0.06346679
-0.054892965,0.06384999
-0.035761874,0.03281938
-0.025611669,0.022581648
0.14601326,-0.12857845
-0.06216748,0.07112105
-0.08625306,0.014039832
-0.056679253,0.048528813
0.024992943,0.0021385371
0.007164609,0.016462348
-0.036570046,0.014072456
0.037360772,-0.06947423
0.07019071,-0.040817153
0.037313644,-0.019254316
-0.034068808,0.07829236
-0.038229205,0.09789232
0.13264908,-0.10959049
0.01881241,-0.02779165
-0.01363886,0.011325793
-0.08086255,0.033467595
0.024460372,-0.07777619
-0.00021259565,0.073957436
-0.0062682778,0.045841042
0.10463762,-0.16163236
-0.07474507,-0.0013942422
0.01348347,0.0074074636
0.108054526,-0.1202234
0.08102463,-0.03210975
-0.005502795,0.013376542
-0.049829207,0.073245145
0.06492027,-0.052277323
0.049772874,0.030653981
0.030810542,-0.059542153
0.07210821,-0.0580301
-0.09900041,0.09797057
-0.009608919,0.012888563
-0.029128006,0.049809996
0.0014392218,-0.047423683
0.05636439,-0.09787359
-0.095865235,0.13889249
-0.007620247,-0.047396906
-0.104555294,0.08280998
-0.040381033,-0.030191304
0.00058505754,-0.021352032
-0.011034758,0.01059533
0.05567514,-0.021306235
0.023214793,0.04072762
0.033289146,0.043183487
0.035269633,-0.090976276
-0.0652407,0.040562492
-0.04478776,0.074892804
-0.033452142,0.08645553
-0.09728668,0.14813207
-0.005462096,0.09192531
-0.029868754,0.06184402
0.021145891,0.03763203
0.10402127,-0.10408306
-0.05071907,0.024322337
-0.016984316,-0.0010527903
0.021525193,-0.09985224
-0.084463194,0.08865443
0.043014422,-0.03752178
-0.004405879,-0.013369196
0.02771966,-0.0041864435
0.0018441293,0.030283308
-0.0862889,0.06689509
0.040359803,-0.024895588
-0.046486143,-0.016151886
-0.060135677,0.049175892
-0.107307546,0.1531372
-0.06527152,0.10838094
-0.11671199,0.07169593
0.018939678,-0.019993603
0.090623535,-0.047867447
-0.09172372,0.049305357
-0.0015913094,-0.05473466
-0.05159968,0.059603512
0.022939209,0.03838337
-0.0654885,0.11094216
-0.07973687,0.10432726
0.05147238,-0.04426565
-0.00090712856,0.055899195
-0.023306923,0.0013898234
-0.088643715,0.053006556
-0.08833514,0.023016596
-0.009798662,0.021963507
-0.06361644,0.06569335
-0.08877371,0.02037654
0.020582404,0.011475142
-0.15201983,0.14199236
-0.08439904,0.04298803
0.025640326,-0.12109822
-0.04731486,0.06979233
-0.03562279,0.053121284
-0.031937353,0.010772462
0.08665724,-0.014945055
0.022390848,-0.022616077
0.074189976,-0.06736053
0.0072360467,-0.02979286
0.007078515,-0.09869692
0.03264135,-0.07590902
-0.0012577905,0.033105906
-0.021456812,0.054062396
0.104394525,-0.10325063
0.01497596,-0.03621077
0.05665209,0.03939278
-0.06459574,0.023568535
0.16949236,-0.18676604
0.025061378,0.0031039657
0.015593164,-0.022252005
0.040278576,-0.037988763
-0.05298849,0.040645484
-0.03477258,-0.0063824984
-0.00789215,0.06216226
-0.022457553,-0.0036108338
-0.017524691,0.037717573
0.102336355,-0.14566602
0.076297574,-0.013362899
-0.086550616,0.04452425
0.09594311,-0.060999155
-0.0034823164,-0.03193604
-0.06338489,0.0054680454
-0.009397026,-0.041005187
-0.091977224,0.11733272
-0.067345686,4.606643e-05
0.15377614,-0.06606787
-0.009340118,-0.028645946
-0.013067577,0.022313906
-0.105561756,0.116165794
0.06923432,-0.06039263
-0.03916042,-0.010821816
0.03522769,-0.024530057
-0.08052051,-0.0060117636
0.12737203,-0.12547942
0.14761555,-0.084011264
0.09244432,-0.12382165
0.06379756,-0.102720976
0.1257984,-0.111025974
-0.08104626,0.00878915
-0.049298193,0.09355207
0.011829816,-0.039182343
0.015645556,0.044865135
-0.084465645,0.11186798
0.14394371,-0.088046275
0.087932125,-0.07710986
-0.0641487,0.04314047
0.059574813,-0.082460955
0.14040291,-0.12409637
-0.022223417,0.0154441
-0.020153346,0.002691989
-0.01872392,0.07396846
0.027535291,-0.0043442277
0.05720286,-0.061219733
-0.05390756,0.0531428
0.027377771,-0.010946125
0.07914687,-0.03681889
0.15680347,-0.14066888
-0.043547958,0.039978776
0.046829283,0.019080658
0.11840615,-0.10429075
-0.02707586,-0.021708056
-0.2065748,0.12940423
-0.021969426,0.078116655
-0.03369595,0.027762542
-0.10935026,0.014039137
-0.016766053,-0.016314952
0.084271945,-0.14795
-0.02458387,0.027127413
-0.06519748,-0.016021037
0.03240855,0.010477791
0.008134061,0.0006870991
-0.04573757,-0.01698341
-0.04419549,-0.029019699
0.017526995,0.01897985
0.018383926,0.027157513
0.0495109,-0.100534715
0.0027599153,0.05750705
0.07566397,-0.09709542
-0.032164108,0.046095505
-0.048573565,0.11631244
0.026199276,0.010498168
0.10212436,-0.10540746
-0.06167972,0.05081305
-0.014431237,0.033056933
-0.012969429,0.056393813
0.03823386,-0.06662436
-0.100085825,0.08245445
-0.13061565,0.031097133
-0.045115285,0.058996424
-0.0017334236,-0.054354444
-0.021552356,0.04567178
-0.10962768,0.021165458
-0.025992526,0.13056368
-0.012077688,0.030064158
-0.06869702,0.032287136
-0.068670146,0.10973847
0.004553753,0.025761155
-0.052111957,-0.019344829
-0.07450751,0.024537245
0.05352993,-0.04356055
-0.08785898,0.10652314
-0.09185414,0.12820128
0.060181335,-0.13716394
-0.037706573,0.012058894
-0.0038465892,0.022868026
0.024140686,0.01676696
-0.04424039,0.07017287
0.106548466,-0.09818931
-0.1165532,0.053289276
-0.14747308,0.06028154
0.08949021,-0.08282844
0.119970344,-0.113613956
-0.009155633,0.007876195
0.02564141,-0.04191041
0.10078177,-0.10536281
0.0032576462,-0.01600742
0.08009032,-0.008963864
-0.12514068,0.09725855
0.020186868,0.027606245
0.007930435,0.04924058
0.05699128,-0.07974036
0.04753098,-0.10848968
-0.0018167647,-0.07061584
-0.048946276,-0.02949989
-0.06302893,-0.010454988
-0.07437603,-0.014432816
0.07130772,-0.036805823
-0.07911893,0.0524906
-0.023276528,0.047757395
0.03244236,-0.06404072
0.04999219,-0.0094327
0.060670216,0.017601766
0.0030399712,0.025950748
-0.024611883,-0.01526853
0.083073355,0.0023963717
-0.041550856,0.051012576
0.07886994,-0.11697339
-0.1278026,0.048995472
0.01937036,-0.048168264
0.024273178,-0.017727436
0.047788236,-0.01156964
-0.015202995,0.059740696
-0.04264626,0.008120598
-0.024396546,-0.020183846
0.1059694,-0.046576213
-0.046156917,-0.007231707
-0.018152744,-0.03012997
-0.05883448,0.09424131
0.019186176,-0.0032691432
-0.003545558,-0.0027801841
0.027988669,-0.028383913
-0.03261581,0.0153708365
-0.04913493,0.013962924
0.079214476,-0.100221
-0.03868349,-0.03142903
-0.07332601,0.07811499
-0.06804508,0.035302214
-0.07861142,0.035565484
0.020159522,-0.028126677
-0.020746198,0.0026390515
-0.06111779,0.10275961
-0.05382275,-0.0005963134
-0.06001837,0.04470324
-0.020101799,-0.012709585
-0.019713314,0.044627853
0.18363968,-0.0989397
-0.0052807876,0.01411499
0.0731218,-0.06931912
-0.013731174,-0.022957556
0.011337031,0.0058139996
0.06416763,-0.059006948
0.01985273,-0.11613172
0.027270792,0.017578218
0.020860018,0.025406865
0.06494869,-0.046776466
0.019120667,-0.016494099
-0.025077926,0.07985543
0.04255703,-0.0414809
0.042973503,-0.074659936
0.0325432,-0.06922133
-0.0056475066,0.022220856
0.05077302,-0.03694865
-0.118858404,0.12666301
0.007112317,-0.008560167
-0.10088384,0.05328445
0.081795104,-0.008072372
0.06238151,-0.044060018
-0.11225388,0.11073806
-0.035688464,-0.026594114
-0.016583057,0.037281614
-0.04137071,0.08237457
-0.009420372,0.04154192
-0.032422215,0.012200625
-0.07876925,0.117476106
-0.02985507,0.10560535
-0.1205464,0.114373736
0.08330465,-0.06425065
0.08968113,-0.062169112
0.091165744,-0.036830686
0.072707355,-0.06878546
0.12603761,-0.04253915
-0.074417464,0.03459336
0.08297525,-0.022557398
-0.09824992,0.073029496
-0.058675174,0.039169844
0.012368265,0.06439674
-0.097942695,0.08584859
0.14113681,-0.1305147
0.08368681,-0.10224289
-0.08789299,0.12085892
-0.061889276,0.04431159
-0.02287874,0.06273384
-0.039709758,0.08467882
0.021577466,-0.007997662
0.028813934,-0.04809577
-0.058053784,0.060200736
0.1634991,-0.0627166
0.02687745,-0.043506205
0.17088115,-0.15820503
0.016539503,0.006947191
0.17089902,-0.12350191
0.23022689,-0.2876191
-0.0044174655,0.00073609076
0.09908866,-0.05409493
-0.0407854,0.03676501
-0.0840165,0.061036136
-0.013100543,-0.008930982
-0.0453033,0.041365806
0.0031044846,0.058308322
0.0895512,0.0063576694
0.058056545,-0.06496621
0.06729307,0.01705949
-0.062043313,0.09289064
-0.076425195,0.026579909
0.11671547,-0.10312375
-0.1592668,0.09608937
0.0015618007,-0.07599616
0.05855946,-0.030598994
0.12127528,-0.09957236
-0.051487796,0.009884009
0.12205931,-0.05719586
0.11779626,-0.20729485
-0.11240767,0.11713551
-0.08215566,0.010939987
0.117981836,-0.09921805
0.004998972,-0.0024580974
-0.16141428,0.1329561
0.14436294,-0.092662424
-0.033484615,0.09210294
0.14539099,-0.16884236
-0.033080813,0.033468656
-0.05674304,0.12282077
0.09727644,-0.08217655
-0.011493122,-0.01402443
-0.09813185,0.06341265
-0.068128526,0.14894325
0.075602934,-0.08979623
0.06687452,-0.11733682
-0.008723057,0.072530605
0.08368856,-0.09303357
-0.02661916,0.055590715
-0.10329671,0.078832425
0.024137402,-0.022355175
-0.012720338,-0.004366065
-0.12672898,0.1353991
-0.078082755,0.05789768
-0.08386336,0.016772298
0.008693327,-0.018554823
0.04654193,0.0064001963
-0.091824576,0.08582475
-0.08763416,0.05990482
0.049701944,0.011641265
0.012433715,-0.097470984
-0.08663691,0.04767559
-0.07929669,0.09159441
0.004247949,0.0054676724
0.06502059,-0.11851164
0.03288848,0.020457525
0.01120182,-0.022527903
-0.029840263,-0.0063024927
0.121535264,-0.14895472
0.07444469,-0.13096558
0.00928224,-0.089749046
-0.05710116,0.06099452
0.030530341,-0.016163062
0.05024709,-0.0921414
-0.13049115,0.04646732
0.016332336,0.02061202
-0.059584796,0.10342012
0.13120812,-0.061196707
-0.09622484,0.089857146
0.00077355973,0.028502403
0.19644143,-0.1509758
0.11165189,-0.084033065
0.086591706,-0.061154254
-0.010956792,0.022261841
0.02256894,-0.03464638
-0.018664546,-0.011837641
-0.061029814,0.049377505
-0.054518115,-0.019386163
-0.03616553,0.10795442
-0.07200667,0.06339052
-0.011800962,0.08614277
-0.05419076,-0.016265811
-0.08277208,0.05053598
0.053971644,-0.034935273
-0.13100214,0.057544105
0.059514277,-0.11102859
0.014848327,-0.05764054
0.096428834,-0.18170471
-0.061572388,0.08147017
0.02512215,0.017380062
0.08955173,-0.12218188
-0.009816865,0.0065999264
-0.12634557,0.17305018
-0.007551267,0.06567957
-0.04912929,0.08869619
-0.14814854,0.17102356
-0.10116065,0.08058805
0.07391518,-0.037545968
-0.02105275,0.022861853
0.040082693,-0.10902244
0.020899106,-0.013299367
0.09042813,0.003870552
0.10821906,-0.13951653
0.023196338,0.011066722
0.0005329137,0.08160777
0.108071424,-0.099824555
-0.18700713,0.19149221
-0.1107767,0.038414635
-0.060746368,0.08218464
-0.038828224,-0.06236388
0.10328224,-0.16187243
0.0076291375,0.00064872473
-0.03600162,0.09973557
-0.023017488,0.08904767
0.044758394,0.025881736
-0.06589061,0.026257047
0.02677943,-0.046393815
0.17758541,-0.2062704
0.11481775,-0.045580786
-0.033008922,0.012924569
-0.0027388576,-0.03992571
-0.15476058,0.123346105
0.0022289888,0.0012642485
-0.09976543,0.044373598
0.16528316,-0.17972592
-0.056899387,0.04432758
0.1538068,-0.16544946
0.10202952,-0.044364996
-0.046827372,0.08982371
0.042938575,-0.061188057
0.045798153,-0.033590056
-0.053014334,0.061063346
-0.085529335,0.058132805
-0.088698536,0.12031012
0.059136115,-0.078255564
-0.0520485,0.08582695
-0.040995494,0.019358747
-0.0735622,-0.0075586024
-0.11360248,0.0344889
-0.045500502,0.05227404
0.05911239,-0.0555257
-0.012558131,0.014693249
0.057658907,-0.116081685
0.050735954,-0.12555201
-0.059567496,0.052200153
0.03178814,-0.08450565
-0.045994256,-0.006241278
-0.022944018,-0.046360485
-0.02133271,0.08627373
0.11207101,-0.06596171
-0.08662077,0.05827614
-0.0021525465,-0.026757434
0.05074731,0.024607543
0.012487634,-0.023256822
-0.036703233,0.06614444
0.18684125,-0.22555508
